resid_i,resid_j,start_frame,end_frame,frames,lifetime_ns,chainID_i,chainID_j,resname_i,resname_j
11,279,2987,3126,140,140.00,k,9,CYS,ASN
11,279,3271,3703,433,433.00,k,9,CYS,ASN
11,279,3705,3844,140,140.00,k,9,CYS,ASN
11,279,3904,4035,132,132.00,k,9,CYS,ASN
27,269,324,460,137,137.00,k,9,PRO,ILE
27,269,555,856,302,302.00,k,9,PRO,ILE
27,270,336,527,192,192.00,k,9,PRO,THR
28,269,482,883,402,402.00,k,9,GLU,ILE
28,270,479,683,205,205.00,k,9,GLU,THR
29,268,464,575,112,112.00,k,9,ALA,GLY
29,269,316,687,372,372.00,k,9,ALA,ILE
29,269,703,856,154,154.00,k,9,ALA,ILE
29,270,442,574,133,133.00,k,9,ALA,THR
30,269,335,526,192,192.00,k,9,TYR,ILE
54,1,691,813,123,123.00,k,9,TRP,LEU
54,2,1955,2075,121,121.00,k,9,TRP,PHE
56,334,1277,1506,230,230.00,k,9,ALA,ARG
56,334,1698,1811,114,114.00,k,9,ALA,ARG
57,333,1267,1375,109,109.00,k,9,ALA,VAL
57,334,1247,1905,659,659.00,k,9,ALA,ARG
57,334,2914,3025,112,112.00,k,9,ALA,ARG
57,334,3028,3213,186,186.00,k,9,ALA,ARG
57,335,1281,1589,309,309.00,k,9,ALA,SER
57,336,3224,3553,330,330.00,k,9,ALA,ALA
57,337,3293,3551,259,259.00,k,9,ALA,LEU
57,342,723,955,233,233.00,k,9,ALA,LYS
58,334,1247,1903,657,657.00,k,9,VAL,ARG
58,334,2948,3213,266,266.00,k,9,VAL,ARG
58,335,1251,1905,655,655.00,k,9,VAL,SER
58,335,2977,3213,237,237.00,k,9,VAL,SER
58,336,1707,1864,158,158.00,k,9,VAL,ALA
58,336,3396,3551,156,156.00,k,9,VAL,ALA
58,336,3917,4036,120,120.00,k,9,VAL,ALA
58,338,3294,3459,166,166.00,k,9,VAL,GLY
59,334,929,1038,110,110.00,k,9,SER,ARG
59,334,1341,1599,259,259.00,k,9,SER,ARG
59,334,1674,1781,108,108.00,k,9,SER,ARG
59,335,1341,1843,503,503.00,k,9,SER,SER
59,335,3067,3196,130,130.00,k,9,SER,SER
59,336,1341,1616,276,276.00,k,9,SER,ALA
59,336,1707,1843,137,137.00,k,9,SER,ALA
59,336,2912,3011,100,100.00,k,9,SER,ALA
59,336,3072,3184,113,113.00,k,9,SER,ALA
