resid,n_events,occupancy_pct,median_ns,p90_ns,chainID_i,chainID_j
1,0,0.00,0.00,0.00,r,A
2,0,0.00,0.00,0.00,r,A
3,0,0.00,0.00,0.00,r,A
4,0,0.00,0.00,0.00,r,A
5,0,0.00,0.00,0.00,r,A
6,0,0.00,0.00,0.00,r,A
7,0,0.00,0.00,0.00,r,A
8,0,0.00,0.00,0.00,r,A
9,0,0.00,0.00,0.00,r,A
10,0,0.00,0.00,0.00,r,A
11,0,0.00,0.00,0.00,r,A
12,0,0.00,0.00,0.00,r,A
13,0,0.00,0.00,0.00,r,A
14,0,0.00,0.00,0.00,r,A
15,0,0.00,0.00,0.00,r,A
16,0,0.00,0.00,0.00,r,A
17,0,0.00,0.00,0.00,r,A
18,0,0.00,0.00,0.00,r,A
19,0,0.00,0.00,0.00,r,A
20,0,0.00,0.00,0.00,r,A
21,0,0.00,0.00,0.00,r,A
22,0,0.00,0.00,0.00,r,A
23,0,0.00,0.00,0.00,r,A
24,0,0.00,0.00,0.00,r,A
25,0,0.00,0.00,0.00,r,A
26,0,0.00,0.00,0.00,r,A
27,0,0.00,0.00,0.00,r,A
28,0,0.00,0.00,0.00,r,A
29,0,0.00,0.00,0.00,r,A
30,0,0.00,0.00,0.00,r,A
31,0,0.00,0.00,0.00,r,A
32,0,0.00,0.00,0.00,r,A
33,0,0.00,0.00,0.00,r,A
34,0,0.00,0.00,0.00,r,A
35,0,0.00,0.00,0.00,r,A
36,0,0.00,0.00,0.00,r,A
37,0,0.00,0.00,0.00,r,A
38,0,0.00,0.00,0.00,r,A
39,0,0.00,0.00,0.00,r,A
40,0,0.00,0.00,0.00,r,A
41,0,0.00,0.00,0.00,r,A
42,0,0.00,0.00,0.00,r,A
43,0,0.00,0.00,0.00,r,A
44,0,0.00,0.00,0.00,r,A
45,0,10.70,0.00,0.00,r,A
46,0,0.00,0.00,0.00,r,A
47,0,8.65,0.00,0.00,r,A
48,0,4.69,0.00,0.00,r,A
49,0,15.98,0.00,0.00,r,A
50,2,48.53,217.00,253.00,r,A
51,2,43.84,209.00,264.20,r,A
52,2,46.04,211.00,263.00,r,A
53,1,66.86,560.00,560.00,r,A
54,1,43.40,176.00,176.00,r,A
55,3,76.54,144.00,252.80,r,A
56,0,35.48,0.00,0.00,r,A
57,0,5.72,0.00,0.00,r,A
58,0,0.00,0.00,0.00,r,A
59,0,0.44,0.00,0.00,r,A
60,0,11.88,0.00,0.00,r,A
61,0,0.15,0.00,0.00,r,A
62,0,2.20,0.00,0.00,r,A
63,0,2.20,0.00,0.00,r,A
64,0,0.00,0.00,0.00,r,A
65,0,0.00,0.00,0.00,r,A
66,0,1.32,0.00,0.00,r,A
67,0,0.00,0.00,0.00,r,A
68,0,0.00,0.00,0.00,r,A
69,0,10.70,0.00,0.00,r,A
70,0,0.00,0.00,0.00,r,A
71,0,2.35,0.00,0.00,r,A
72,0,1.17,0.00,0.00,r,A
73,0,0.00,0.00,0.00,r,A
74,0,2.35,0.00,0.00,r,A
75,0,3.08,0.00,0.00,r,A
76,0,16.28,0.00,0.00,r,A
77,0,27.13,0.00,0.00,r,A
78,0,28.74,0.00,0.00,r,A
79,0,21.85,0.00,0.00,r,A
80,0,23.75,0.00,0.00,r,A
81,0,7.33,0.00,0.00,r,A
82,0,5.72,0.00,0.00,r,A
83,0,1.32,0.00,0.00,r,A
84,0,0.59,0.00,0.00,r,A
85,0,0.00,0.00,0.00,r,A
86,0,0.00,0.00,0.00,r,A
87,0,0.00,0.00,0.00,r,A
88,0,0.00,0.00,0.00,r,A
89,0,0.00,0.00,0.00,r,A
90,0,0.00,0.00,0.00,r,A
91,0,0.00,0.00,0.00,r,A
92,0,0.00,0.00,0.00,r,A
93,0,0.00,0.00,0.00,r,A
94,0,0.00,0.00,0.00,r,A
95,0,0.00,0.00,0.00,r,A
96,0,0.00,0.00,0.00,r,A
97,0,0.00,0.00,0.00,r,A
98,0,0.00,0.00,0.00,r,A
99,0,0.00,0.00,0.00,r,A
100,0,0.00,0.00,0.00,r,A
101,0,0.00,0.00,0.00,r,A
102,0,0.00,0.00,0.00,r,A
103,0,0.00,0.00,0.00,r,A
104,0,0.00,0.00,0.00,r,A
105,0,0.00,0.00,0.00,r,A
106,0,0.00,0.00,0.00,r,A
107,0,0.00,0.00,0.00,r,A
108,0,0.00,0.00,0.00,r,A
109,0,0.00,0.00,0.00,r,A
110,0,0.00,0.00,0.00,r,A
111,0,0.00,0.00,0.00,r,A
112,0,0.00,0.00,0.00,r,A
113,0,0.00,0.00,0.00,r,A
114,0,0.00,0.00,0.00,r,A
115,0,0.00,0.00,0.00,r,A
116,0,0.00,0.00,0.00,r,A
117,0,0.00,0.00,0.00,r,A
118,0,0.00,0.00,0.00,r,A
119,0,0.00,0.00,0.00,r,A
120,0,0.00,0.00,0.00,r,A
121,0,0.00,0.00,0.00,r,A
122,0,0.00,0.00,0.00,r,A
123,0,0.00,0.00,0.00,r,A
124,0,0.00,0.00,0.00,r,A
125,0,0.00,0.00,0.00,r,A
126,0,0.00,0.00,0.00,r,A
127,0,0.00,0.00,0.00,r,A
128,0,0.00,0.00,0.00,r,A
129,0,0.00,0.00,0.00,r,A
130,0,0.00,0.00,0.00,r,A
131,0,0.00,0.00,0.00,r,A
132,0,0.00,0.00,0.00,r,A
133,0,0.00,0.00,0.00,r,A
134,0,0.00,0.00,0.00,r,A
135,0,0.00,0.00,0.00,r,A
136,0,0.00,0.00,0.00,r,A
137,0,0.00,0.00,0.00,r,A
138,0,0.00,0.00,0.00,r,A
139,0,0.00,0.00,0.00,r,A
140,0,0.00,0.00,0.00,r,A
141,0,0.00,0.00,0.00,r,A
142,0,0.00,0.00,0.00,r,A
143,0,0.00,0.00,0.00,r,A
144,0,0.00,0.00,0.00,r,A
145,0,0.00,0.00,0.00,r,A
146,0,0.00,0.00,0.00,r,A
147,0,0.00,0.00,0.00,r,A
148,0,0.00,0.00,0.00,r,A
149,0,0.00,0.00,0.00,r,A
150,0,0.00,0.00,0.00,r,A
151,0,0.00,0.00,0.00,r,A
152,0,0.00,0.00,0.00,r,A
153,0,0.00,0.00,0.00,r,A
154,0,0.00,0.00,0.00,r,A
155,0,0.00,0.00,0.00,r,A
156,0,0.00,0.00,0.00,r,A
157,0,0.00,0.00,0.00,r,A
158,0,0.00,0.00,0.00,r,A
159,0,0.00,0.00,0.00,r,A
160,0,5.28,0.00,0.00,r,A
161,0,0.88,0.00,0.00,r,A
162,0,0.15,0.00,0.00,r,A
163,0,1.17,0.00,0.00,r,A
164,0,5.28,0.00,0.00,r,A
165,0,1.47,0.00,0.00,r,A
166,0,6.60,0.00,0.00,r,A
167,0,1.03,0.00,0.00,r,A
168,0,0.15,0.00,0.00,r,A
169,0,0.00,0.00,0.00,r,A
170,0,0.44,0.00,0.00,r,A
171,0,0.15,0.00,0.00,r,A
172,0,0.00,0.00,0.00,r,A
173,0,0.00,0.00,0.00,r,A
174,0,0.00,0.00,0.00,r,A
175,0,0.00,0.00,0.00,r,A
176,0,0.00,0.00,0.00,r,A
177,0,0.00,0.00,0.00,r,A
178,0,0.00,0.00,0.00,r,A
179,0,0.00,0.00,0.00,r,A
180,0,0.00,0.00,0.00,r,A
181,0,0.00,0.00,0.00,r,A
182,0,0.00,0.00,0.00,r,A
183,0,0.00,0.00,0.00,r,A
184,0,0.00,0.00,0.00,r,A
185,0,0.00,0.00,0.00,r,A
186,0,0.00,0.00,0.00,r,A
187,0,0.00,0.00,0.00,r,A
188,0,0.00,0.00,0.00,r,A
189,0,0.00,0.00,0.00,r,A
190,0,0.00,0.00,0.00,r,A
191,0,0.00,0.00,0.00,r,A
192,0,0.00,0.00,0.00,r,A
193,0,0.00,0.00,0.00,r,A
194,0,0.00,0.00,0.00,r,A
195,0,0.00,0.00,0.00,r,A
196,0,0.00,0.00,0.00,r,A
197,0,0.00,0.00,0.00,r,A
198,0,0.00,0.00,0.00,r,A
199,0,0.00,0.00,0.00,r,A
200,0,0.00,0.00,0.00,r,A
201,0,0.00,0.00,0.00,r,A
202,0,0.00,0.00,0.00,r,A
203,0,0.00,0.00,0.00,r,A
204,0,0.00,0.00,0.00,r,A
205,0,0.00,0.00,0.00,r,A
206,0,0.00,0.00,0.00,r,A
207,0,0.00,0.00,0.00,r,A
208,0,0.00,0.00,0.00,r,A
209,0,0.00,0.00,0.00,r,A
210,0,0.00,0.00,0.00,r,A
211,0,0.00,0.00,0.00,r,A
212,0,0.00,0.00,0.00,r,A
213,0,0.00,0.00,0.00,r,A
214,0,0.00,0.00,0.00,r,A
215,0,0.00,0.00,0.00,r,A
216,0,0.00,0.00,0.00,r,A
217,0,0.00,0.00,0.00,r,A
218,0,0.00,0.00,0.00,r,A
219,0,0.00,0.00,0.00,r,A
220,0,0.00,0.00,0.00,r,A
221,0,0.00,0.00,0.00,r,A
222,0,0.00,0.00,0.00,r,A
223,0,0.00,0.00,0.00,r,A
224,0,0.00,0.00,0.00,r,A
225,0,0.00,0.00,0.00,r,A
226,0,0.00,0.00,0.00,r,A
227,0,0.00,0.00,0.00,r,A
228,0,0.00,0.00,0.00,r,A
229,0,0.00,0.00,0.00,r,A
230,0,0.00,0.00,0.00,r,A
231,0,0.00,0.00,0.00,r,A
232,0,0.00,0.00,0.00,r,A
233,0,0.00,0.00,0.00,r,A
234,0,0.00,0.00,0.00,r,A
235,0,0.00,0.00,0.00,r,A
236,0,0.00,0.00,0.00,r,A
237,0,0.00,0.00,0.00,r,A
238,0,0.00,0.00,0.00,r,A
239,0,0.00,0.00,0.00,r,A
240,0,0.00,0.00,0.00,r,A
241,0,0.00,0.00,0.00,r,A
242,0,0.00,0.00,0.00,r,A
243,0,0.00,0.00,0.00,r,A
244,0,0.00,0.00,0.00,r,A
245,0,0.00,0.00,0.00,r,A
246,0,0.00,0.00,0.00,r,A
601,0,0.00,0.00,0.00,r,A
602,0,0.00,0.00,0.00,r,A
603,0,0.00,0.00,0.00,r,A
604,0,0.00,0.00,0.00,r,A
606,0,0.00,0.00,0.00,r,A
607,0,0.00,0.00,0.00,r,A
608,0,0.00,0.00,0.00,r,A
609,0,0.00,0.00,0.00,r,A
610,0,0.00,0.00,0.00,r,A
611,0,0.00,0.00,0.00,r,A
612,0,0.00,0.00,0.00,r,A
613,0,0.00,0.00,0.00,r,A
614,0,0.00,0.00,0.00,r,A
616,3,97.65,226.00,824.40,r,A
620,0,0.29,0.00,0.00,r,A
622,0,0.00,0.00,0.00,r,A
623,0,0.00,0.00,0.00,r,A
